review,rating,attribute
"Using it for the last 1 month. It's a gentle-looking beast. The pickup power is amazing. I tried 2 competitions cars in this segment. This is the best. Refined and well built, and superior performance. The Audio system is better than a premium car segment. The Bluetooth connectivity to stream all music from a phone, music a...",5.0,mileage
"In the beginning, the car performed excellently well, but after 4 months the mileage on a full charge steadily reduced, and finally, it would not start at all. After paying a hefty amount for this car l am left without a vehicle and the Hyundai service people assured me that would send a replacement vehicle which they kept postponing with lame excu...",1.0,mileage
"Using it for the last 1 month. It's a gentle-looking beast. The pickup power is amazing. I tried 2 competitions cars in this segment. This is the best. Refined and well built, and superior performance. The Audio system is better than a premium car segment. The Bluetooth connectivity to stream all music from a phone, music a...",5.0,performance
"In the beginning, the car performed excellently well, but after 4 months the mileage on a full charge steadily reduced, and finally, it would not start at all. After paying a hefty amount for this car l am left without a vehicle and the Hyundai service people assured me that would send a replacement vehicle which they kept postponing with lame excu...",1.0,performance
Hyundai is the best performing company beating all other vehicles. Hyundai is the first choice of people at present providing best services to its customers. Hyundai in electric segments of cars will beat all-electric cars of other companies and will set new level standards. It will be the first choice of people of New India.,5.0,performance
The car offers reasonable performance in this range. I hope the price of the car is kept at or around Rs 20 lakh. It can be a very good option for those who drive around 12000 km a year with fewer outstation trips.,5.0,performance
"Hyundai Kona - First electric car of India was REVA but it was a very compact two-seater car with very odd design, it failed because of lack of R&D by the company's team. But Hyundai Kona Electric is an elite vehicle and it will attract n number of customers. The charging station will boost the sales of Hyundai. Those who are habitual of a manu...",4.0,looks
"Hyundai Kona is the 1st SUV to run in India with electricity. Its design is of another level just like a futuristic concept model. It's just smaller than Creta in size. But it looks big. Near the bonnet, we can see the long indicator below it is the led headlamp just like the venue. The grill is missing in this car as its an electric car it do...",4.0,looks
An amazing car with best design and amazing looks available ,5.0,looks
This is an excellent car. The features are very impressive. The looks are really classic. ,5.0,looks
"Hyundai Kona electric car is very comfortable and secure but the electric range is very low, this car very expensive for a middle-class family. ",4.0,comfort
"I bought this electric car 2 months back, driven 9900 kms until now. It runs 250 kms around with a single charge comfortably with AC on. Then u have to charge for complete peace of mind. Price high but u get 40% depreciation in your ITR for consecutive 4 years which means u haven't paid anything except for insurance and RTO. please make this car wi...",4.0,comfort
Its new electric car of Hyundai fully loaded with features and best technology. Its seats are very comfortable too.,5.0,comfort
"Hyundai Kona is a gem of a car. It has all you can get out of a vehicle. power, balance while driving, comfort, fuel economy, reasonable maintenance, what more you need. First I would like to clarify that this review is entirely based on my experience with the vehicle. Being a mechanical and marine engineer, It was obvious that I had to do complete...",5.0,comfort
"Hyundai Kona - First electric car of India was REVA but it was a very compact two-seater car with very odd design, it failed because of lack of R&D by the company's team. But Hyundai Kona Electric is an elite vehicle and it will attract n number of customers. The charging station will boost the sales of Hyundai. Those who are habitual of a manu...",4.0,comfort
"Hyundai Kona is a gem of a car. It has all you can get out of a vehicle. power, balance while driving, comfort, fuel economy, reasonable maintenance, what more you need. First I would like to clarify that this review is entirely based on my experience with the vehicle. Being a mechanical and marine engineer, It was obvious that I had to do complete...",5.0,engine
"Apart from all the online reviews my personal overall experience of Hyundai Kona was literally very amazing, from interior to exterior, from exploring to driving. Everything is perfect in this car and it provides amazing features at a very competitive price in the market right now. ",4.5,interior
"Hyundai Kona - First electric car of India was REVA but it was a very compact two-seater car with very odd design, it failed because of lack of R&D by the company's team. But Hyundai Kona Electric is an elite vehicle and it will attract n number of customers. The charging station will boost the sales of Hyundai. Those who are habitual of a manu...",4.0,interior
This is a wonderful car. The interior design is the best. The safety features are amazing.,5.0,interior
"Using it for the last 1 month. It's a gentle-looking beast. The pickup power is amazing. I tried 2 competitions cars in this segment. This is the best. Refined and well built, and superior performance. The Audio system is better than a premium car segment. The Bluetooth connectivity to stream all music from a phone, music a...",5.0,power
"I bought this electric car 2 months back, driven 9900 kms until now. It runs 250 kms around with a single charge comfortably with AC on. Then u have to charge for complete peace of mind. Price high but u get 40% depreciation in your ITR for consecutive 4 years which means u haven't paid anything except for insurance and RTO. please make this car wi...",4.0,power
"Hyundai Kona is a gem of a car. It has all you can get out of a vehicle. power, balance while driving, comfort, fuel economy, reasonable maintenance, what more you need. First I would like to clarify that this review is entirely based on my experience with the vehicle. Being a mechanical and marine engineer, It was obvious that I had to do complete...",5.0,power
"Hyundai Kona is the 1st SUV to run in India with electricity. Its design is of another level just like a futuristic concept model. It's just smaller than Creta in size. But it looks big. Near the bonnet, we can see the long indicator below it is the led headlamp just like the venue. The grill is missing in this car as its an electric car it do...",4.0,power
"Apart from all the online reviews my personal overall experience of Hyundai Kona was literally very amazing, from interior to exterior, from exploring to driving. Everything is perfect in this car and it provides amazing features at a very competitive price in the market right now. ",4.5,price
"Using it for the last 1 month. It's a gentle-looking beast. The pickup power is amazing. I tried 2 competitions cars in this segment. This is the best. Refined and well built, and superior performance. The Audio system is better than a premium car segment. The Bluetooth connectivity to stream all music from a phone, music a...",5.0,price
"I bought this electric car 2 months back, driven 9900 kms until now. It runs 250 kms around with a single charge comfortably with AC on. Then u have to charge for complete peace of mind. Price high but u get 40% depreciation in your ITR for consecutive 4 years which means u haven't paid anything except for insurance and RTO. please make this car wi...",4.0,price
"Hyundai Kona - First electric car of India was REVA but it was a very compact two-seater car with very odd design, it failed because of lack of R&D by the company's team. But Hyundai Kona Electric is an elite vehicle and it will attract n number of customers. The charging station will boost the sales of Hyundai. Those who are habitual of a manu...",4.0,price
The car is a bit high priced and great in its segment.,5.0,price
The car is high priced when compared with other cars of the same segment.,1.0,price
"Better than all diesel and petrol cars May be this will be the greatest achievement for Hyundai to launch the electric var in India. The price is a little more than fuel cars but according to me, it will be best SUV in India. We indians really need this type of stylish SUV in electric variant.",5.0,price
"Hyundai Kona is better than all diesel and petrol cars. Maybe this will be the greatest achievement for Hyundai to launch the electric car in India. The price is a little more than fuel cars but according to me, it will be the bestest SUV in India. We Indians really need this type of stylish SUV in electric variant and it seems like it will be not ...",5.0,price
"Hyundai Kona is the 1st SUV to run in India with electricity. Its design is of another level just like a futuristic concept model. It's just smaller than Creta in size. But it looks big. Near the bonnet, we can see the long indicator below it is the led headlamp just like the venue. The grill is missing in this car as its an electric car it do...",4.0,price
"Not worth the money, the price needs to come down for masses. Fast charging a must for anyone to buy.",1.0,price
"[<selenium.webdriver.remote.webelement.WebElement (session=""b14c33646ba4f0981720009048433525"", element=""bff8215c-16a5-4360-be80-ccfd0969560c"")>]",5.0,price
"[<selenium.webdriver.remote.webelement.WebElement (session=""b14c33646ba4f0981720009048433525"", element=""a17a0396-5230-4bb0-9277-27962f809f0a"")>, <selenium.webdriver.remote.webelement.WebElement (session=""b14c33646ba4f0981720009048433525"", element=""bcbc519a-431e-487f-bc8a-6e5fd5f1913f"")>]",5.0,price
"[<selenium.webdriver.remote.webelement.WebElement (session=""b14c33646ba4f0981720009048433525"", element=""814f777f-0167-46a7-9e0e-978553572455"")>]",5.0,price
"[<selenium.webdriver.remote.webelement.WebElement (session=""b14c33646ba4f0981720009048433525"", element=""cd5490b1-79ed-4c83-a22e-4851d41da9bc"")>, <selenium.webdriver.remote.webelement.WebElement (session=""b14c33646ba4f0981720009048433525"", element=""c4475528-4910-4ef0-9eb5-a0dcdc8869fa"")>]",5.0,price
"Using it for the last 1 month. It's a gentle-looking beast. The pickup power is amazing. I tried 2 competitions cars in this segment. This is the best. Refined and well built, and superior performance. The Audio system is better than a premium car segment. The Bluetooth connectivity to stream all music from a phone, music a...",5.0,seat
"I bought this electric car 2 months back, driven 9900 kms until now. It runs 250 kms around with a single charge comfortably with AC on. Then u have to charge for complete peace of mind. Price high but u get 40% depreciation in your ITR for consecutive 4 years which means u haven't paid anything except for insurance and RTO. please make this car wi...",4.0,seat
Its new electric car of Hyundai fully loaded with features and best technology. Its seats are very comfortable too.,5.0,seat
"Hyundai Kona is a brilliant car! Love the driving experience. I am able to get 9.0 to 10.2km per k/h in the city. Traffic or no traffic, this car rocks. Eco mode works really well. The seat ventilations a great feature as well. Kona is a game-changer in India. Zero road tax and reduced insurance have made this car an absolute winner.",5.0,seat
"Apart from all the online reviews my personal overall experience of Hyundai Kona was literally very amazing, from interior to exterior, from exploring to driving. Everything is perfect in this car and it provides amazing features at a very competitive price in the market right now. ",4.5,experience
"Hyundai Kona is a gem of a car. It has all you can get out of a vehicle. power, balance while driving, comfort, fuel economy, reasonable maintenance, what more you need. First I would like to clarify that this review is entirely based on my experience with the vehicle. Being a mechanical and marine engineer, It was obvious that I had to do complete...",5.0,experience
"Hyundai Kona is a brilliant car! Love the driving experience. I am able to get 9.0 to 10.2km per k/h in the city. Traffic or no traffic, this car rocks. Eco mode works really well. The seat ventilations a great feature as well. Kona is a game-changer in India. Zero road tax and reduced insurance have made this car an absolute winner.",5.0,experience
"I bought this electric car 2 months back, driven 9900 kms until now. It runs 250 kms around with a single charge comfortably with AC on. Then u have to charge for complete peace of mind. Price high but u get 40% depreciation in your ITR for consecutive 4 years which means u haven't paid anything except for insurance and RTO. please make this car wi...",4.0,insurance
"Hyundai Kona is a brilliant car! Love the driving experience. I am able to get 9.0 to 10.2km per k/h in the city. Traffic or no traffic, this car rocks. Eco mode works really well. The seat ventilations a great feature as well. Kona is a game-changer in India. Zero road tax and reduced insurance have made this car an absolute winner.",5.0,insurance
"Hyundai Kona - First electric car of India was REVA but it was a very compact two-seater car with very odd design, it failed because of lack of R&D by the company's team. But Hyundai Kona Electric is an elite vehicle and it will attract n number of customers. The charging station will boost the sales of Hyundai. Those who are habitual of a manu...",4.0,insurance
"In the beginning, the car performed excellently well, but after 4 months the mileage on a full charge steadily reduced, and finally, it would not start at all. After paying a hefty amount for this car l am left without a vehicle and the Hyundai service people assured me that would send a replacement vehicle which they kept postponing with lame excu...",1.0,service
"Hyundai Kona is the 1st SUV to run in India with electricity. Its design is of another level just like a futuristic concept model. It's just smaller than Creta in size. But it looks big. Near the bonnet, we can see the long indicator below it is the led headlamp just like the venue. The grill is missing in this car as its an electric car it do...",4.0,service
Hyundai is the best performing company beating all other vehicles. Hyundai is the first choice of people at present providing best services to its customers. Hyundai in electric segments of cars will beat all-electric cars of other companies and will set new level standards. It will be the first choice of people of New India.,5.0,service
"Using it for the last 1 month. It's a gentle-looking beast. The pickup power is amazing. I tried 2 competitions cars in this segment. This is the best. Refined and well built, and superior performance. The Audio system is better than a premium car segment. The Bluetooth connectivity to stream all music from a phone, music a...",5.0,driver
"Hyundai Kona - First electric car of India was REVA but it was a very compact two-seater car with very odd design, it failed because of lack of R&D by the company's team. But Hyundai Kona Electric is an elite vehicle and it will attract n number of customers. The charging station will boost the sales of Hyundai. Those who are habitual of a manu...",4.0,driver
"Apart from all the online reviews my personal overall experience of Hyundai Kona was literally very amazing, from interior to exterior, from exploring to driving. Everything is perfect in this car and it provides amazing features at a very competitive price in the market right now. ",4.5,exterior
"Hyundai Kona - First electric car of India was REVA but it was a very compact two-seater car with very odd design, it failed because of lack of R&D by the company's team. But Hyundai Kona Electric is an elite vehicle and it will attract n number of customers. The charging station will boost the sales of Hyundai. Those who are habitual of a manu...",4.0,exterior
"Hyundai Kona is a gem of a car. It has all you can get out of a vehicle. power, balance while driving, comfort, fuel economy, reasonable maintenance, what more you need. First I would like to clarify that this review is entirely based on my experience with the vehicle. Being a mechanical and marine engineer, It was obvious that I had to do complete...",5.0,maintenance
I swear the car is very smooth and quiet. The car has no maintenance because it is electric. And it has features like internet connectivity and other features that all the Hyundai cars have.,5.0,maintenance
"In the beginning, the car performed excellently well, but after 4 months the mileage on a full charge steadily reduced, and finally, it would not start at all. After paying a hefty amount for this car l am left without a vehicle and the Hyundai service people assured me that would send a replacement vehicle which they kept postponing with lame excu...",1.0,parts
"Hyundai Kona is the 1st SUV to run in India with electricity. Its design is of another level just like a futuristic concept model. It's just smaller than Creta in size. But it looks big. Near the bonnet, we can see the long indicator below it is the led headlamp just like the venue. The grill is missing in this car as its an electric car it do...",4.0,parts
"I bought this electric car 2 months back, driven 9900 kms until now. It runs 250 kms around with a single charge comfortably with AC on. Then u have to charge for complete peace of mind. Price high but u get 40% depreciation in your ITR for consecutive 4 years which means u haven't paid anything except for insurance and RTO. please make this car wi...",4.0,ac
"Using it for the last 1 month. It's a gentle-looking beast. The pickup power is amazing. I tried 2 competitions cars in this segment. This is the best. Refined and well built, and superior performance. The Audio system is better than a premium car segment. The Bluetooth connectivity to stream all music from a phone, music a...",5.0,audio
"Hyundai Kona - First electric car of India was REVA but it was a very compact two-seater car with very odd design, it failed because of lack of R&D by the company's team. But Hyundai Kona Electric is an elite vehicle and it will attract n number of customers. The charging station will boost the sales of Hyundai. Those who are habitual of a manu...",4.0,automatic
"Using it for the last 1 month. It's a gentle-looking beast. The pickup power is amazing. I tried 2 competitions cars in this segment. This is the best. Refined and well built, and superior performance. The Audio system is better than a premium car segment. The Bluetooth connectivity to stream all music from a phone, music a...",5.0,bluetooth
"Hyundai Kona is the 1st SUV to run in India with electricity. Its design is of another level just like a futuristic concept model. It's just smaller than Creta in size. But it looks big. Near the bonnet, we can see the long indicator below it is the led headlamp just like the venue. The grill is missing in this car as its an electric car it do...",4.0,cabin
"Hyundai Kona is the 1st SUV to run in India with electricity. Its design is of another level just like a futuristic concept model. It's just smaller than Creta in size. But it looks big. Near the bonnet, we can see the long indicator below it is the led headlamp just like the venue. The grill is missing in this car as its an electric car it do...",4.0,gear
"Hyundai Kona is the 1st SUV to run in India with electricity. Its design is of another level just like a futuristic concept model. It's just smaller than Creta in size. But it looks big. Near the bonnet, we can see the long indicator below it is the led headlamp just like the venue. The grill is missing in this car as its an electric car it do...",4.0,headlamp
"Hyundai Kona is the 1st SUV to run in India with electricity. Its design is of another level just like a futuristic concept model. It's just smaller than Creta in size. But it looks big. Near the bonnet, we can see the long indicator below it is the led headlamp just like the venue. The grill is missing in this car as its an electric car it do...",4.0,led
"I bought this electric car 2 months back, driven 9900 kms until now. It runs 250 kms around with a single charge comfortably with AC on. Then u have to charge for complete peace of mind. Price high but u get 40% depreciation in your ITR for consecutive 4 years which means u haven't paid anything except for insurance and RTO. please make this car wi...",4.0,lights
"Hyundai Kona - First electric car of India was REVA but it was a very compact two-seater car with very odd design, it failed because of lack of R&D by the company's team. But Hyundai Kona Electric is an elite vehicle and it will attract n number of customers. The charging station will boost the sales of Hyundai. Those who are habitual of a manu...",4.0,manual
"Using it for the last 1 month. It's a gentle-looking beast. The pickup power is amazing. I tried 2 competitions cars in this segment. This is the best. Refined and well built, and superior performance. The Audio system is better than a premium car segment. The Bluetooth connectivity to stream all music from a phone, music a...",5.0,music
"Using it for the last 1 month. It's a gentle-looking beast. The pickup power is amazing. I tried 2 competitions cars in this segment. This is the best. Refined and well built, and superior performance. The Audio system is better than a premium car segment. The Bluetooth connectivity to stream all music from a phone, music a...",5.0,pickup
"I bought this electric car 2 months back, driven 9900 kms until now. It runs 250 kms around with a single charge comfortably with AC on. Then u have to charge for complete peace of mind. Price high but u get 40% depreciation in your ITR for consecutive 4 years which means u haven't paid anything except for insurance and RTO. please make this car wi...",4.0,rear
This is a wonderful car. The interior design is the best. The safety features are amazing.,5.0,safety
This car would be the best selling car in India because of technology and design.,5.0,sell
"Using it for the last 1 month. It's a gentle-looking beast. The pickup power is amazing. I tried 2 competitions cars in this segment. This is the best. Refined and well built, and superior performance. The Audio system is better than a premium car segment. The Bluetooth connectivity to stream all music from a phone, music a...",5.0,speed
"Hyundai Kona is the 1st SUV to run in India with electricity. Its design is of another level just like a futuristic concept model. It's just smaller than Creta in size. But it looks big. Near the bonnet, we can see the long indicator below it is the led headlamp just like the venue. The grill is missing in this car as its an electric car it do...",4.0,torque
"Hyundai Kona - First electric car of India was REVA but it was a very compact two-seater car with very odd design, it failed because of lack of R&D by the company's team. But Hyundai Kona Electric is an elite vehicle and it will attract n number of customers. The charging station will boost the sales of Hyundai. Those who are habitual of a manu...",4.0,transmission
"Hyundai Kona is the 1st SUV to run in India with electricity. Its design is of another level just like a futuristic concept model. It's just smaller than Creta in size. But it looks big. Near the bonnet, we can see the long indicator below it is the led headlamp just like the venue. The grill is missing in this car as its an electric car it do...",4.0,warranty
"[<selenium.webdriver.remote.webelement.WebElement (session=""031431b236029c360d0194c8d0ff49ea"", element=""90c1d938-d983-47dc-a09a-ba254a833430"")>]",5.0,price
"[<selenium.webdriver.remote.webelement.WebElement (session=""031431b236029c360d0194c8d0ff49ea"", element=""18947d4f-39e3-474d-9af9-02ee9ae13520"")>, <selenium.webdriver.remote.webelement.WebElement (session=""031431b236029c360d0194c8d0ff49ea"", element=""7a6e344e-a2d5-4fab-9893-ca594028b012"")>]",5.0,price
"[<selenium.webdriver.remote.webelement.WebElement (session=""031431b236029c360d0194c8d0ff49ea"", element=""0e9e8fa6-a6be-4959-9480-6d5ab4e799d4"")>]",5.0,price
"[<selenium.webdriver.remote.webelement.WebElement (session=""031431b236029c360d0194c8d0ff49ea"", element=""abb95fd5-7c8c-4221-9554-a40e816cef19"")>, <selenium.webdriver.remote.webelement.WebElement (session=""031431b236029c360d0194c8d0ff49ea"", element=""59d3af8e-bb1d-4a89-b87a-c80311754203"")>]",5.0,price
"Hyundai Kona is the 1st SUV to run in India with electricity. Its design is of another level just like a futuristic concept model. It's just smaller than Creta in size. But it looks big. Near the bonnet, we can see the long indicator below it is the led headlamp just like the venue. The grill is missing in this car as its an electric car it do...",0.0,headlamp
Nice car with good build quality and safety. Performance and mileage are too good and easy to drive with low maintenance.,5,mileage
"Nice performance, full comfort in the car. Very stylish looks. Full Safety, maintenance cost is very low and mileage is good. ",5,mileage
"It is a very good car as compared to other EVs. The Interior is also up to the mark. Its mileage is impressive, and the acceleration is fantastic.",5,mileage
"I am using the car for more than a year. The car is good and peppy. It looks rich from the inside with great design. The issue is the mileage on a full charge in sports mode is around 125km, and the normal is around 190km. Another thing really really bad is you need to pay Rs3600/year for the Connect app - rip off!! How can you make so mu...",4,mileage
"Really happy to have Tata Nexon EV. It gives good mileage, charging is easy, and more than that we are contributing to the environment along with Tata. ",5,mileage
"Nice mileage, better battery, performance, nice look, stylish body. Best car ever.",5,mileage
"TATA has put in much effort in bringing out the Nexon EV, considering the many downsides associated with fossil-fuelled vehicles. Kudos to that. And whiles the mileage of any car depends on judicious driving, the claimed mileage is way off!!",3.5,mileage
"Amazing pickup, great performance, and also mileage and rang appropriately 240 km which is great.",5,mileage
"I recently bought this vehicle, but not happy with the mileage that Tata claims, they are making fool out of us. ",2.5,mileage
It is a fantastic car. Mileage 280+km in lightfoot driving. Features and looks are also great.,4.5,mileage
"Hindustan ki full safety car, best mileage, full comfortable SUV is smooth for long root drive, music system is best.",5,mileage
This is an amazing SUV car. This is a highly safe car. This is also looking good car. The mileage of this car is also good.,5,mileage
Nexon EV price should be under 10L for top-end variant - Adding extra rage extender battery would be better as a standard feature for all EV vehicles - Battery Swapping technology is a must for EVs for better demand - Govt should announce 100% tax exemption for the purchase of any EVs until 2030 - Mileage limits should be announced by Govt under 1l...,3.5,mileage
"This is the best car in the segment..I'm proud to be its owner. It is the best car in safety, features, mileage, quality, body, and price... I'm proud of tata Motors. The best Indian car manufacturing company... Everyone having the budget to buy this car should never lose the chance to buy it... I personally appreciate this car.and advice to m...",5,mileage
"This is a futuristic car. Great looks, awesome mileage and no need to stand in the queue to get petrol, Diesel or CNG. Say no to pollution and do your contribution to decreasing pollution. ",5,mileage
"Best car for day-to-day work and for long rides. It has a great performance and smooth driving, the good thing is that its running cost is very low and service cost is also low as compared to other brand cars. ",5,performance
Nice car with good build quality and safety. Performance and mileage are too good and easy to drive with low maintenance.,5,performance
"My friend has bought this car and when I try to drive it. Such a cool car. Believe me or not this is the revolution in the Indian Electric car segment, both in terms of comfort as well as performance.",4.5,performance
"Nice performance, full comfort in the car. Very stylish looks. Full Safety, maintenance cost is very low and mileage is good. ",5,performance
Let me clarify this. Nexon and Tiger EV is the only affordable car for all buyers which gives ample amount of less maintenance as well as performance. Honestly speaking Nexon is a good start from TATA and has a good potential in the market compared with others.,4.5,performance
It is the best vehicle in the market currently in the EV sector. It has great performance and delivers smooth driving. Its range is also good.,5,performance
"Nice mileage, better battery, performance, nice look, stylish body. Best car ever.",5,performance
"A great car considering the other EV options in the market are much more expensive. Brilliant performance, especially in 'S' mode. A realistic range of 210-240kms and depending on your driving style, you can get more. Features are good and it's actually a very practical car for future-oriented people. Solidly built as the ICE Nexon, yet this one fe...",4.5,performance
"Amazing pickup, great performance, and also mileage and rang appropriately 240 km which is great.",5,performance
The leader from India grown to be the most globalised product. Very Happy with performance If only the dealership and service centre lives up to the car quality.,4.5,performance
Very nice car it looks very awesome and its performance is wonderful. It's interior is very nice.,5,performance
The electric vehicles are pollution-free and noiseless. The efficiency and performance of these are good.,4.5,performance
I got this car last week and I am amazed at its performance. The response time is excellent range per full charge is around 200km within the city.,4.5,performance
 Its amazing car with amazing features. It is an affordable car with nice performance.,5,performance
"Everything about this car is very appealing, the looks performance and ergonomics. Tata is growing very fast in this segment. The new sharp edge front looks are more attractive than the curvy look it had before. The 30 KW battery is sufficient for city drive but there should have been a higher variant with 50Kw battery to cover up the range anxiety...",4,performance
Tata is the best company in the world Tata Nexon EV is an electric vehicle I like the feature and all over the performance of the car.,5,performance
"The great driving experience, and overall value for money car. Its exterior, looks, interiors, and comfort were also good.",5,looks
"The looks are awesome from the primary colour to the interiors. Seats are too comfortable, lots of space yet little not enough for the whole family. Of course, EV is the best and most sustainable, yet looks so trendy.  Overall awesome. ",4.5,looks
"Nice performance, full comfort in the car. Very stylish looks. Full Safety, maintenance cost is very low and mileage is good. ",5,looks
"I am using the car for more than a year. The car is good and peppy. It looks rich from the inside with great design. The issue is the mileage on a full charge in sports mode is around 125km, and the normal is around 190km. Another thing really really bad is you need to pay Rs3600/year for the Connect app - rip off!! How can you make so mu...",4,looks
"Nice mileage, better battery, performance, nice look, stylish body. Best car ever.",5,looks
The best car by Tata. The only thing I don't like about Nexon. It looks from behind and the best thing is a super affordable electric car.,5,looks
"This is the only Electric Vehicle available with reliable latest battery aided technology coupled with safety - both features and builds quality. Added Automatic is a big plus. Looks - 5/5 Pickup/Drag - 5/5 Battery Range - 4/5 Only the slightest flaw I found is the Rotatory knob for shifting driving modes(Eco, City, Sport). Tata should consider thi...",4.5,looks
It is a fantastic car. Mileage 280+km in lightfoot driving. Features and looks are also great.,4.5,looks
Very nice car it looks very awesome and its performance is wonderful. It's interior is very nice.,5,looks
"Tata Nexon EV is one of the best affordable long-range electric vehicle available in India. In sports mode, it has 60% more torque that's a good property of this vehicle. Looks are also good.",3.5,looks
This is an amazing SUV car. This is a highly safe car. This is also looking good car. The mileage of this car is also good.,5,looks
"Everything about this car is very appealing, the looks performance and ergonomics. Tata is growing very fast in this segment. The new sharp edge front looks are more attractive than the curvy look it had before. The 30 KW battery is sufficient for city drive but there should have been a higher variant with 50Kw battery to cover up the range anxiety...",4,looks
"This is a futuristic car. Great looks, awesome mileage and no need to stand in the queue to get petrol, Diesel or CNG. Say no to pollution and do your contribution to decreasing pollution. ",5,looks
"I have booked one, yet to be delivered to me at Bhubaneswar. It's early days to have the cons but real pros are 1. Affordable range nearly 220-240 in reality. 2. Effective run cost Rs1/KM. 3. Price is aggressively kept under 15 lakhs, so subsidy from the state and central Gov't. 4. Almost no maintenance and service cost. 5. Ample cabin space and gr...",5,looks
"Affordable price and nice looks, beautiful smart features most styling and new look multi-drive mode, silent car no noise and vibration in an electric car, projector headlamp, three-color desk board, Rear Ac, auto Ac, Harman infotainment system touch screen, ABS, EBD, CSC these are standard safety features in this car.",5,looks
"It's look is like a giant legend and features are alike. So many companies are launching and trying to launch electric version with similar features and even more as Tata Motors does but still, they are lagging behind Tata Motors in price, features, timing of introduction, when it is much needed, battery strength that to at such primitive stage and...",5,looks
"Very excited for the launch of Tata Nexon EV. Since many years I have been waiting for an Indian Electric car and I think Tata will accomplish my dream. The best thing that I liked about it, is it can be charged with any 15 Ampere plug and can run up to 270 KM. That's cool! Another thing that I liked is that electric technology is coming in Ta...",5,looks
"The great driving experience, and overall value for money car. Its exterior, looks, interiors, and comfort were also good.",5,comfort
"Nice to drive and comfortable for traveling, safety features are so good. It is a low cost compared to other EV cars.",5,comfort
"The looks are awesome from the primary colour to the interiors. Seats are too comfortable, lots of space yet little not enough for the whole family. Of course, EV is the best and most sustainable, yet looks so trendy.  Overall awesome. ",4.5,comfort
"My friend has bought this car and when I try to drive it. Such a cool car. Believe me or not this is the revolution in the Indian Electric car segment, both in terms of comfort as well as performance.",4.5,comfort
"Nice performance, full comfort in the car. Very stylish looks. Full Safety, maintenance cost is very low and mileage is good. ",5,comfort
"The car is excellent in safety, being electric per km running cost is very less. the car is very spacious and comfortable for sitting. Even the electric charging points are now on the pick so that you can take your car for a spin on the long road,",5,comfort
"I really love this Tata Nexon EV, its really very nice and comfortable car and it's a battery car so overall, I love it.",5,comfort
"Hindustan ki full safety car, best mileage, full comfortable SUV is smooth for long root drive, music system is best.",5,comfort
"I have seen lots of reviews regarding the Nexon EV Range in Kolkata, some say 150, 180, 200. But for my friends, i have daily commute of 70-80 KM and in the city, I am getting 220-230 range with a single charge. The Sales Person of TATA was true that the running cost is Rs. 1/- per KM and service cost is NIL. Nexon comfort and Value for money ...",5,comfort
"Am using Nexon EV XZ+ LUX in Chennai for the past one month, basically for the urban commute. Getting a range of 210km for 100%. Normally I recharge it when it comes to 25% for which I used to get a range of 165 to 170kms (for 75%). This is with AC and infotainment. I have used only AC slow charger till now, never used DC fast charger. - Daily trav...",4.5,comfort
I like this car's safety and comfort and the design is impressive and I prefer all the people to buy this car because at this price. Tata brings the car at electric version and its design at this price is impressive.,4.5,comfort
"I have booked one, yet to be delivered to me at Bhubaneswar. It's early days to have the cons but real pros are 1. Affordable range nearly 220-240 in reality. 2. Effective run cost Rs1/KM. 3. Price is aggressively kept under 15 lakhs, so subsidy from the state and central Gov't. 4. Almost no maintenance and service cost. 5. Ample cabin space and gr...",5,comfort
"It's an awesome car with every built-in feature specially the safety ratings are too good may be the first car in is a segment to reach 5 stars and in this EV version, it's going to beat everyone under TATA logo. With this much torque and power in the electric version, it's going to catch eyes of the buyers and also environment-friendly. With a new...",5,comfort
"It's a wonderful car, it offered a smooth engine and is easy to drive. The driving quality is also good. This is a value for money car.",5,engine
"The great driving experience, and overall value for money car. Its exterior, looks, interiors, and comfort were also good.",5,interior
"The looks are awesome from the primary colour to the interiors. Seats are too comfortable, lots of space yet little not enough for the whole family. Of course, EV is the best and most sustainable, yet looks so trendy.  Overall awesome. ",4.5,interior
"It is one of the best EVs, gives a luxury feel and the interior of the vehicle is pretty great. Specifications like the ground clearance and sound system are good.",4.5,interior
"Overall good car and the style of the car is attractive. It has great security features, it comes with airbags and the interior is awesome.",4.5,interior
"It is a very good car as compared to other EVs. The Interior is also up to the mark. Its mileage is impressive, and the acceleration is fantastic.",5,interior
Very nice car it looks very awesome and its performance is wonderful. It's interior is very nice.,5,interior
"Driving the car for more than a month now. Pros: 1. Silent car, no noise, and vibration. 2. very little maintenance cost. 3.easy to charge. Cons: 1. Company claims a range of 300 but the real-world range is 140 km per charge with AC, and 150 km without AC. 2. Interiors are very average, plastic quality feels cheap and makes a squeaking sound. 3. St...",2.5,interior
"As a fresh convert to driving a car with a green streak, the most striking thing is that the Nexon EV Lux+ (top end) is noiseless. Second is tremendous power and smooth acceleration of the electric motor felt at the word go. The many sensors that make auto settings possible delight you and sometimes surprise you like to headlamps, the rain-sensing ...",4.5,interior
"I have booked one, yet to be delivered to me at Bhubaneswar. It's early days to have the cons but real pros are 1. Affordable range nearly 220-240 in reality. 2. Effective run cost Rs1/KM. 3. Price is aggressively kept under 15 lakhs, so subsidy from the state and central Gov't. 4. Almost no maintenance and service cost. 5. Ample cabin space and gr...",5,interior
Very good Jarvis. The most efficient in this segment in India. Tata Nexon is one of the most powerful 35kw batteries.,5,power
"As a fresh convert to driving a car with a green streak, the most striking thing is that the Nexon EV Lux+ (top end) is noiseless. Second is tremendous power and smooth acceleration of the electric motor felt at the word go. The many sensors that make auto settings possible delight you and sometimes surprise you like to headlamps, the rain-sensing ...",4.5,power
"Nice car, I would rather say very silent, very powerful. Tata has done a nice job, to promote electric vehicles, without compromising power output. There are many rivals as well but it would be unbeatable. This car charges from 0% to 80% in just 60 minutes and runs for 312 km with an impressive top speed of 140km /h. I recommend it if you go for an...",4.5,power
"I have booked one, yet to be delivered to me at Bhubaneswar. It's early days to have the cons but real pros are 1. Affordable range nearly 220-240 in reality. 2. Effective run cost Rs1/KM. 3. Price is aggressively kept under 15 lakhs, so subsidy from the state and central Gov't. 4. Almost no maintenance and service cost. 5. Ample cabin space and gr...",5,power
"It's an awesome car with every built-in feature specially the safety ratings are too good may be the first car in is a segment to reach 5 stars and in this EV version, it's going to beat everyone under TATA logo. With this much torque and power in the electric version, it's going to catch eyes of the buyers and also environment-friendly. With a new...",5,power
"Love this vehicle. Features are too good. Even at this price, no one gives this kind of fabulous car. I will suggest to you, it is a value for money. Go for it.",5,price
"Tata has truly come up with the best in class electric cars which is a great combination of price, ride quality and battery efficiency.",4,price
"One of my worst decision was to buy an EV. The range is very limited, can't operate AC to ensure reaching home without being stuck in the middle. Lot of problems with SBM, and it is damn costly to maintain this. Pathetic car, don't buy, not worth it at all. Petrol cars are far much better, prices are high as of now but I'll come down eventually",1,price
"Wonder car at the best price, pickup amazing, drivability so smooth, service expenses negligible and above zero pollution",5,price
"Upgrade in Tata Motors in on next level Best service, Electric car of India with the lowest price. Thumps up to Ratan Tata.",4.5,price
Nexon EV price should be under 10L for top-end variant - Adding extra rage extender battery would be better as a standard feature for all EV vehicles - Battery Swapping technology is a must for EVs for better demand - Govt should announce 100% tax exemption for the purchase of any EVs until 2030 - Mileage limits should be announced by Govt under 1l...,3.5,price
"This is the best car in the segment..I'm proud to be its owner. It is the best car in safety, features, mileage, quality, body, and price... I'm proud of tata Motors. The best Indian car manufacturing company... Everyone having the budget to buy this car should never lose the chance to buy it... I personally appreciate this car.and advice to m...",5,price
"Car bang for the price. ARAI claim 312km per full charge, after a lot of research I found real-world range is 193km, a good driver will get 240km max. This car is good for city drivers and one-day outing, the long journey definitely doubtful. You can't charge every 3 hours once. It's bit irritating. But cost per km 0.50paisa to 1.2Rs/km. It's ...",4.5,price
I like this car's safety and comfort and the design is impressive and I prefer all the people to buy this car because at this price. Tata brings the car at electric version and its design at this price is impressive.,4.5,price
"I have booked one, yet to be delivered to me at Bhubaneswar. It's early days to have the cons but real pros are 1. Affordable range nearly 220-240 in reality. 2. Effective run cost Rs1/KM. 3. Price is aggressively kept under 15 lakhs, so subsidy from the state and central Gov't. 4. Almost no maintenance and service cost. 5. Ample cabin space and gr...",5,price
Best EV in the country considering the relatively affordable price tag. Undercuts the MG ZS price by more than 5 lakhs.,5,price
"Affordable price and nice looks, beautiful smart features most styling and new look multi-drive mode, silent car no noise and vibration in an electric car, projector headlamp, three-color desk board, Rear Ac, auto Ac, Harman infotainment system touch screen, ABS, EBD, CSC these are standard safety features in this car.",5,price
"It's look is like a giant legend and features are alike. So many companies are launching and trying to launch electric version with similar features and even more as Tata Motors does but still, they are lagging behind Tata Motors in price, features, timing of introduction, when it is much needed, battery strength that to at such primitive stage and...",5,price
"Nice to drive and comfortable for traveling, safety features are so good. It is a low cost compared to other EV cars.",5,safety
Nice car with good build quality and safety. Performance and mileage are too good and easy to drive with low maintenance.,5,safety
"Nice performance, full comfort in the car. Very stylish looks. Full Safety, maintenance cost is very low and mileage is good. ",5,safety
"The car is excellent in safety, being electric per km running cost is very less. the car is very spacious and comfortable for sitting. Even the electric charging points are now on the pick so that you can take your car for a spin on the long road,",5,safety
"This is the only Electric Vehicle available with reliable latest battery aided technology coupled with safety - both features and builds quality. Added Automatic is a big plus. Looks - 5/5 Pickup/Drag - 5/5 Battery Range - 4/5 Only the slightest flaw I found is the Rotatory knob for shifting driving modes(Eco, City, Sport). Tata should consider thi...",4.5,safety
Tata doesn't provide any safety or any facility regarding defective product customers are facing so many problems. Battery drops and software problem they must replace the defective product,1,safety
"Hindustan ki full safety car, best mileage, full comfortable SUV is smooth for long root drive, music system is best.",5,safety
Total safety and electric car. Safety first priority of Tata As you know and Nexon is the safest car so Nexon Ev will be double the safest.,5,safety
It is a good car with great safety features and good Colour combination. It is a complete product.,3.5,safety
"This is the best car in the segment..I'm proud to be its owner. It is the best car in safety, features, mileage, quality, body, and price... I'm proud of tata Motors. The best Indian car manufacturing company... Everyone having the budget to buy this car should never lose the chance to buy it... I personally appreciate this car.and advice to m...",5,safety
I like this car's safety and comfort and the design is impressive and I prefer all the people to buy this car because at this price. Tata brings the car at electric version and its design at this price is impressive.,4.5,safety
"Affordable price and nice looks, beautiful smart features most styling and new look multi-drive mode, silent car no noise and vibration in an electric car, projector headlamp, three-color desk board, Rear Ac, auto Ac, Harman infotainment system touch screen, ABS, EBD, CSC these are standard safety features in this car.",5,safety
"It's an awesome car with every built-in feature specially the safety ratings are too good may be the first car in is a segment to reach 5 stars and in this EV version, it's going to beat everyone under TATA logo. With this much torque and power in the electric version, it's going to catch eyes of the buyers and also environment-friendly. With a new...",5,safety
"Best car for day-to-day work and for long rides. It has a great performance and smooth driving, the good thing is that its running cost is very low and service cost is also low as compared to other brand cars. ",5,service
"I bought Nexon EV last Friday. I used it on Saturday and plug for charging. Battery overheating alarm flashed while charging. Since then my new vehicle is in the service station (122km driven only). Battery discharging very fast. Very disappointed with Nexon EV. Moreover, the dealer has not solved my problem yet. They don't have enough ma...",2.5,service
"I have done my 2nd service of my Nexon EV LUX. I drove 7800 km, 5 months over. I found 3 times there is a sudden drop in battery percentage from 60% to 20% 1st time and 2nd time the battery percentage dropped from 50% to 22%. This is really horrifying if u go for a long drive then you will be in real soups. Sometimes I feel I have done a mistake in...",2,service
"The battery does not charge fully. does not give the range as the company says. The company says the range is 250 km per charge but only goes 160 km per charge. After car service, the battery issue was not resolved at all. And car stops in the middle of the road due to service error only after 2 days of service.",1.5,service
"Wonder car at the best price, pickup amazing, drivability so smooth, service expenses negligible and above zero pollution",5,service
The leader from India grown to be the most globalised product. Very Happy with performance If only the dealership and service centre lives up to the car quality.,4.5,service
"Driving the car for more than a month now. Pros: 1. Silent car, no noise, and vibration. 2. very little maintenance cost. 3.easy to charge. Cons: 1. Company claims a range of 300 but the real-world range is 140 km per charge with AC, and 150 km without AC. 2. Interiors are very average, plastic quality feels cheap and makes a squeaking sound. 3. St...",2.5,service
"[<selenium.webdriver.remote.webelement.WebElement (session=""e11475575cbb4cfe965e8cae3883d43b"", element=""919548d8-5273-4020-b729-c53899c4cb0c"")>]",4.5,service
"[<selenium.webdriver.remote.webelement.WebElement (session=""e11475575cbb4cfe965e8cae3883d43b"", element=""e475b038-1c4d-48c2-b850-84b27b5b946f"")>, <selenium.webdriver.remote.webelement.WebElement (session=""e11475575cbb4cfe965e8cae3883d43b"", element=""5d5679b3-1699-4563-bc48-59d5761f5e2d"")>]",5,service
"[<selenium.webdriver.remote.webelement.WebElement (session=""e11475575cbb4cfe965e8cae3883d43b"", element=""2544b3fc-ce9c-48e7-b865-125b8350d124"")>, <selenium.webdriver.remote.webelement.WebElement (session=""e11475575cbb4cfe965e8cae3883d43b"", element=""c977a76c-d4da-448f-86f8-615867629826"")>]",5,service
"One of my worst decision was to buy an EV. The range is very limited, can't operate AC to ensure reaching home without being stuck in the middle. Lot of problems with SBM, and it is damn costly to maintain this. Pathetic car, don't buy, not worth it at all. Petrol cars are far much better, prices are high as of now but I'll come down eventually",1,ac
"Best EV as of now. The car is very stable. And the sports mode is ultimate. You can get a range of 180 to 190 with AC, without AC you Can Get a Range of 200 to 220. We are satisfied with the car! Product By Tata",5,ac
"Driving the car for more than a month now. Pros: 1. Silent car, no noise, and vibration. 2. very little maintenance cost. 3.easy to charge. Cons: 1. Company claims a range of 300 but the real-world range is 140 km per charge with AC, and 150 km without AC. 2. Interiors are very average, plastic quality feels cheap and makes a squeaking sound. 3. St...",2.5,ac
"Am using Nexon EV XZ+ LUX in Chennai for the past one month, basically for the urban commute. Getting a range of 210km for 100%. Normally I recharge it when it comes to 25% for which I used to get a range of 165 to 170kms (for 75%). This is with AC and infotainment. I have used only AC slow charger till now, never used DC fast charger. - Daily trav...",4.5,ac
"As a fresh convert to driving a car with a green streak, the most striking thing is that the Nexon EV Lux+ (top end) is noiseless. Second is tremendous power and smooth acceleration of the electric motor felt at the word go. The many sensors that make auto settings possible delight you and sometimes surprise you like to headlamps, the rain-sensing ...",4.5,ac
"I have booked one, yet to be delivered to me at Bhubaneswar. It's early days to have the cons but real pros are 1. Affordable range nearly 220-240 in reality. 2. Effective run cost Rs1/KM. 3. Price is aggressively kept under 15 lakhs, so subsidy from the state and central Gov't. 4. Almost no maintenance and service cost. 5. Ample cabin space and gr...",5,ac
"Affordable price and nice looks, beautiful smart features most styling and new look multi-drive mode, silent car no noise and vibration in an electric car, projector headlamp, three-color desk board, Rear Ac, auto Ac, Harman infotainment system touch screen, ABS, EBD, CSC these are standard safety features in this car.",5,ac
Nice car with good build quality and safety. Performance and mileage are too good and easy to drive with low maintenance.,5,maintenance
"Nice performance, full comfort in the car. Very stylish looks. Full Safety, maintenance cost is very low and mileage is good. ",5,maintenance
Let me clarify this. Nexon and Tiger EV is the only affordable car for all buyers which gives ample amount of less maintenance as well as performance. Honestly speaking Nexon is a good start from TATA and has a good potential in the market compared with others.,4.5,maintenance
"Driving the car for more than a month now. Pros: 1. Silent car, no noise, and vibration. 2. very little maintenance cost. 3.easy to charge. Cons: 1. Company claims a range of 300 but the real-world range is 140 km per charge with AC, and 150 km without AC. 2. Interiors are very average, plastic quality feels cheap and makes a squeaking sound. 3. St...",2.5,maintenance
"Am using Nexon EV XZ+ LUX in Chennai for the past one month, basically for the urban commute. Getting a range of 210km for 100%. Normally I recharge it when it comes to 25% for which I used to get a range of 165 to 170kms (for 75%). This is with AC and infotainment. I have used only AC slow charger till now, never used DC fast charger. - Daily trav...",4.5,maintenance
"Tata Nexon EV is an innovative car, 5 stars crash rating safest, connected, 3 variants, the perfect car for sustainable mobility, good range, low maintenance, globally first A Benchmark!",5,maintenance
"I have booked one, yet to be delivered to me at Bhubaneswar. It's early days to have the cons but real pros are 1. Affordable range nearly 220-240 in reality. 2. Effective run cost Rs1/KM. 3. Price is aggressively kept under 15 lakhs, so subsidy from the state and central Gov't. 4. Almost no maintenance and service cost. 5. Ample cabin space and gr...",5,maintenance
"Nice to drive and comfortable for traveling, safety features are so good. It is a low cost compared to other EV cars.",5,safety
Nice car with good build quality and safety. Performance and mileage are too good and easy to drive with low maintenance.,5,safety
"Nice performance, full comfort in the car. Very stylish looks. Full Safety, maintenance cost is very low and mileage is good. ",5,safety
"The car is excellent in safety, being electric per km running cost is very less. the car is very spacious and comfortable for sitting. Even the electric charging points are now on the pick so that you can take your car for a spin on the long road,",5,safety
"This is the only Electric Vehicle available with reliable latest battery aided technology coupled with safety - both features and builds quality. Added Automatic is a big plus. Looks - 5/5 Pickup/Drag - 5/5 Battery Range - 4/5 Only the slightest flaw I found is the Rotatory knob for shifting driving modes(Eco, City, Sport). Tata should consider thi...",4.5,safety
Tata doesn't provide any safety or any facility regarding defective product customers are facing so many problems. Battery drops and software problem they must replace the defective product,1,safety
"Hindustan ki full safety car, best mileage, full comfortable SUV is smooth for long root drive, music system is best.",5,safety
Total safety and electric car. Safety first priority of Tata As you know and Nexon is the safest car so Nexon Ev will be double the safest.,5,safety
It is a good car with great safety features and good Colour combination. It is a complete product.,3.5,safety
"This is the best car in the segment..I'm proud to be its owner. It is the best car in safety, features, mileage, quality, body, and price... I'm proud of tata Motors. The best Indian car manufacturing company... Everyone having the budget to buy this car should never lose the chance to buy it... I personally appreciate this car.and advice to m...",5,safety
I like this car's safety and comfort and the design is impressive and I prefer all the people to buy this car because at this price. Tata brings the car at electric version and its design at this price is impressive.,4.5,safety
"Affordable price and nice looks, beautiful smart features most styling and new look multi-drive mode, silent car no noise and vibration in an electric car, projector headlamp, three-color desk board, Rear Ac, auto Ac, Harman infotainment system touch screen, ABS, EBD, CSC these are standard safety features in this car.",5,safety
"It's an awesome car with every built-in feature specially the safety ratings are too good may be the first car in is a segment to reach 5 stars and in this EV version, it's going to beat everyone under TATA logo. With this much torque and power in the electric version, it's going to catch eyes of the buyers and also environment-friendly. With a new...",5,safety
This is a very good car. Its driving is very amazing. No noise and no pollution. The charging speed is very good.,4.5,speed
Nexon EV price should be under 10L for top-end variant - Adding extra rage extender battery would be better as a standard feature for all EV vehicles - Battery Swapping technology is a must for EVs for better demand - Govt should announce 100% tax exemption for the purchase of any EVs until 2030 - Mileage limits should be announced by Govt under 1l...,3.5,speed
"Am using Nexon EV XZ+ LUX in Chennai for the past one month, basically for the urban commute. Getting a range of 210km for 100%. Normally I recharge it when it comes to 25% for which I used to get a range of 165 to 170kms (for 75%). This is with AC and infotainment. I have used only AC slow charger till now, never used DC fast charger. - Daily trav...",4.5,speed
"Nice car, I would rather say very silent, very powerful. Tata has done a nice job, to promote electric vehicles, without compromising power output. There are many rivals as well but it would be unbeatable. This car charges from 0% to 80% in just 60 minutes and runs for 312 km with an impressive top speed of 140km /h. I recommend it if you go for an...",4.5,speed
"I have booked one, yet to be delivered to me at Bhubaneswar. It's early days to have the cons but real pros are 1. Affordable range nearly 220-240 in reality. 2. Effective run cost Rs1/KM. 3. Price is aggressively kept under 15 lakhs, so subsidy from the state and central Gov't. 4. Almost no maintenance and service cost. 5. Ample cabin space and gr...",5,speed
"The looks are awesome from the primary colour to the interiors. Seats are too comfortable, lots of space yet little not enough for the whole family. Of course, EV is the best and most sustainable, yet looks so trendy.  Overall awesome. ",4.5,seat
"As a fresh convert to driving a car with a green streak, the most striking thing is that the Nexon EV Lux+ (top end) is noiseless. Second is tremendous power and smooth acceleration of the electric motor felt at the word go. The many sensors that make auto settings possible delight you and sometimes surprise you like to headlamps, the rain-sensing ...",4.5,seat
"I have booked one, yet to be delivered to me at Bhubaneswar. It's early days to have the cons but real pros are 1. Affordable range nearly 220-240 in reality. 2. Effective run cost Rs1/KM. 3. Price is aggressively kept under 15 lakhs, so subsidy from the state and central Gov't. 4. Almost no maintenance and service cost. 5. Ample cabin space and gr...",5,seat
"It's an awesome car with every built-in feature specially the safety ratings are too good may be the first car in is a segment to reach 5 stars and in this EV version, it's going to beat everyone under TATA logo. With this much torque and power in the electric version, it's going to catch eyes of the buyers and also environment-friendly. With a new...",5,seat
"The looks are awesome from the primary colour to the interiors. Seats are too comfortable, lots of space yet little not enough for the whole family. Of course, EV is the best and most sustainable, yet looks so trendy.  Overall awesome. ",4.5,space
"It is a very good car with a sunroof on it. Art of car generation in India. I like the space in the car to relax, and it makes no sound. It is a pleasure to have this car",5,space
"I have booked one, yet to be delivered to me at Bhubaneswar. It's early days to have the cons but real pros are 1. Affordable range nearly 220-240 in reality. 2. Effective run cost Rs1/KM. 3. Price is aggressively kept under 15 lakhs, so subsidy from the state and central Gov't. 4. Almost no maintenance and service cost. 5. Ample cabin space and gr...",5,space
"It's an awesome car with every built-in feature specially the safety ratings are too good may be the first car in is a segment to reach 5 stars and in this EV version, it's going to beat everyone under TATA logo. With this much torque and power in the electric version, it's going to catch eyes of the buyers and also environment-friendly. With a new...",5,space
"Overall good car and the style of the car is attractive. It has great security features, it comes with airbags and the interior is awesome.",4.5,style
"A great car considering the other EV options in the market are much more expensive. Brilliant performance, especially in 'S' mode. A realistic range of 210-240kms and depending on your driving style, you can get more. Features are good and it's actually a very practical car for future-oriented people. Solidly built as the ICE Nexon, yet this one fe...",4.5,style
"Affordable price and nice looks, beautiful smart features most styling and new look multi-drive mode, silent car no noise and vibration in an electric car, projector headlamp, three-color desk board, Rear Ac, auto Ac, Harman infotainment system touch screen, ABS, EBD, CSC these are standard safety features in this car.",5,style
"It's an awesome car with every built-in feature specially the safety ratings are too good may be the first car in is a segment to reach 5 stars and in this EV version, it's going to beat everyone under TATA logo. With this much torque and power in the electric version, it's going to catch eyes of the buyers and also environment-friendly. With a new...",5,style
"It is one of the best EVs, gives a luxury feel and the interior of the vehicle is pretty great. Specifications like the ground clearance and sound system are good.",4.5,clearance
"I have booked one, yet to be delivered to me at Bhubaneswar. It's early days to have the cons but real pros are 1. Affordable range nearly 220-240 in reality. 2. Effective run cost Rs1/KM. 3. Price is aggressively kept under 15 lakhs, so subsidy from the state and central Gov't. 4. Almost no maintenance and service cost. 5. Ample cabin space and gr...",5,clearance
The car is great . Its legroom and ground clearance is also good.  ,5,clearance
"I bought Nexon EV last Friday. I used it on Saturday and plug for charging. Battery overheating alarm flashed while charging. Since then my new vehicle is in the service station (122km driven only). Battery discharging very fast. Very disappointed with Nexon EV. Moreover, the dealer has not solved my problem yet. They don't have enough ma...",2.5,dealer
I am highly disappointed by this car due to the range and behavior of the dealer. I am driving this car daily for the last four months and very much upset by the real-world range. I really feel cheated.,2.5,dealer
"It is a wonderful car to drive. However, I faced some problems which could have been quite dangerous for me and others in the car. The car suddenly switched to neutral while on the move and the steering and brakes, which are power-assisted, stopped to work. Luckily, the car was slow so it came to a halt very soon. Otherwise, could have been a major...",3.5,dealer
"The great driving experience, and overall value for money car. Its exterior, looks, interiors, and comfort were also good.",5,experience
"I bought Nexon EV last Friday. I used it on Saturday and plug for charging. Battery overheating alarm flashed while charging. Since then my new vehicle is in the service station (122km driven only). Battery discharging very fast. Very disappointed with Nexon EV. Moreover, the dealer has not solved my problem yet. They don't have enough ma...",2.5,experience
Guys this is my personal experience please do not buy it I have purchased this car on 24/10/2020. I found this is not running properly and suddenly it's gone break down I called the team and they have taken it for a survey and after 8 days its sudden stop on road and they again take it and admit is as a patient. My recommendation is not to buy it t...,1,experience
Nice car with good build quality and safety. Performance and mileage are too good and easy to drive with low maintenance.,5,maintenance
"Nice performance, full comfort in the car. Very stylish looks. Full Safety, maintenance cost is very low and mileage is good. ",5,maintenance
Let me clarify this. Nexon and Tiger EV is the only affordable car for all buyers which gives ample amount of less maintenance as well as performance. Honestly speaking Nexon is a good start from TATA and has a good potential in the market compared with others.,4.5,maintenance
"Driving the car for more than a month now. Pros: 1. Silent car, no noise, and vibration. 2. very little maintenance cost. 3.easy to charge. Cons: 1. Company claims a range of 300 but the real-world range is 140 km per charge with AC, and 150 km without AC. 2. Interiors are very average, plastic quality feels cheap and makes a squeaking sound. 3. St...",2.5,maintenance
"Am using Nexon EV XZ+ LUX in Chennai for the past one month, basically for the urban commute. Getting a range of 210km for 100%. Normally I recharge it when it comes to 25% for which I used to get a range of 165 to 170kms (for 75%). This is with AC and infotainment. I have used only AC slow charger till now, never used DC fast charger. - Daily trav...",4.5,maintenance
"Tata Nexon EV is an innovative car, 5 stars crash rating safest, connected, 3 variants, the perfect car for sustainable mobility, good range, low maintenance, globally first A Benchmark!",5,maintenance
"I have booked one, yet to be delivered to me at Bhubaneswar. It's early days to have the cons but real pros are 1. Affordable range nearly 220-240 in reality. 2. Effective run cost Rs1/KM. 3. Price is aggressively kept under 15 lakhs, so subsidy from the state and central Gov't. 4. Almost no maintenance and service cost. 5. Ample cabin space and gr...",5,maintenance
This is a very good car. Its driving is very amazing. No noise and no pollution. The charging speed is very good.,4.5,noise
"Driving the car for more than a month now. Pros: 1. Silent car, no noise, and vibration. 2. very little maintenance cost. 3.easy to charge. Cons: 1. Company claims a range of 300 but the real-world range is 140 km per charge with AC, and 150 km without AC. 2. Interiors are very average, plastic quality feels cheap and makes a squeaking sound. 3. St...",2.5,noise
"Affordable price and nice looks, beautiful smart features most styling and new look multi-drive mode, silent car no noise and vibration in an electric car, projector headlamp, three-color desk board, Rear Ac, auto Ac, Harman infotainment system touch screen, ABS, EBD, CSC these are standard safety features in this car.",5,noise
"Wonder car at the best price, pickup amazing, drivability so smooth, service expenses negligible and above zero pollution",5,pickup
"Amazing pickup, great performance, and also mileage and rang appropriately 240 km which is great.",5,pickup
"Am using Nexon EV XZ+ LUX in Chennai for the past one month, basically for the urban commute. Getting a range of 210km for 100%. Normally I recharge it when it comes to 25% for which I used to get a range of 165 to 170kms (for 75%). This is with AC and infotainment. I have used only AC slow charger till now, never used DC fast charger. - Daily trav...",4.5,pickup
"Best car for day-to-day work and for long rides. It has a great performance and smooth driving, the good thing is that its running cost is very low and service cost is also low as compared to other brand cars. ",5,service
"I bought Nexon EV last Friday. I used it on Saturday and plug for charging. Battery overheating alarm flashed while charging. Since then my new vehicle is in the service station (122km driven only). Battery discharging very fast. Very disappointed with Nexon EV. Moreover, the dealer has not solved my problem yet. They don't have enough ma...",2.5,service
"I have done my 2nd service of my Nexon EV LUX. I drove 7800 km, 5 months over. I found 3 times there is a sudden drop in battery percentage from 60% to 20% 1st time and 2nd time the battery percentage dropped from 50% to 22%. This is really horrifying if u go for a long drive then you will be in real soups. Sometimes I feel I have done a mistake in...",2,service
"The battery does not charge fully. does not give the range as the company says. The company says the range is 250 km per charge but only goes 160 km per charge. After car service, the battery issue was not resolved at all. And car stops in the middle of the road due to service error only after 2 days of service.",1.5,service
"Wonder car at the best price, pickup amazing, drivability so smooth, service expenses negligible and above zero pollution",5,service
The leader from India grown to be the most globalised product. Very Happy with performance If only the dealership and service centre lives up to the car quality.,4.5,service
"Driving the car for more than a month now. Pros: 1. Silent car, no noise, and vibration. 2. very little maintenance cost. 3.easy to charge. Cons: 1. Company claims a range of 300 but the real-world range is 140 km per charge with AC, and 150 km without AC. 2. Interiors are very average, plastic quality feels cheap and makes a squeaking sound. 3. St...",2.5,service
"[<selenium.webdriver.remote.webelement.WebElement (session=""380634727e18e3aa37996acd48e6725d"", element=""5ec08778-226a-42c5-b5e1-d4ffd0d5888c"")>]",4.5,service
"[<selenium.webdriver.remote.webelement.WebElement (session=""380634727e18e3aa37996acd48e6725d"", element=""6eb58e13-4147-45d5-a3a6-4162f78b946d"")>, <selenium.webdriver.remote.webelement.WebElement (session=""380634727e18e3aa37996acd48e6725d"", element=""ba01343e-869d-4667-8197-b4218c61daf0"")>]",5,service
"[<selenium.webdriver.remote.webelement.WebElement (session=""380634727e18e3aa37996acd48e6725d"", element=""7010ecd9-8c39-4027-a5fc-70787b0d5643"")>, <selenium.webdriver.remote.webelement.WebElement (session=""380634727e18e3aa37996acd48e6725d"", element=""4c1ae14b-084f-4f74-8fe4-c8d6561b51bb"")>]",5,service
"A great car considering the other EV options in the market are much more expensive. Brilliant performance, especially in 'S' mode. A realistic range of 210-240kms and depending on your driving style, you can get more. Features are good and it's actually a very practical car for future-oriented people. Solidly built as the ICE Nexon, yet this one fe...",4.5,torque
"Tata Nexon EV is one of the best affordable long-range electric vehicle available in India. In sports mode, it has 60% more torque that's a good property of this vehicle. Looks are also good.",3.5,torque
"It's an awesome car with every built-in feature specially the safety ratings are too good may be the first car in is a segment to reach 5 stars and in this EV version, it's going to beat everyone under TATA logo. With this much torque and power in the electric version, it's going to catch eyes of the buyers and also environment-friendly. With a new...",5,torque
"As a fresh convert to driving a car with a green streak, the most striking thing is that the Nexon EV Lux+ (top end) is noiseless. Second is tremendous power and smooth acceleration of the electric motor felt at the word go. The many sensors that make auto settings possible delight you and sometimes surprise you like to headlamps, the rain-sensing ...",4.5,driver
"Car bang for the price. ARAI claim 312km per full charge, after a lot of research I found real-world range is 193km, a good driver will get 240km max. This car is good for city drivers and one-day outing, the long journey definitely doubtful. You can't charge every 3 hours once. It's bit irritating. But cost per km 0.50paisa to 1.2Rs/km. It's ...",4.5,driver
"As a fresh convert to driving a car with a green streak, the most striking thing is that the Nexon EV Lux+ (top end) is noiseless. Second is tremendous power and smooth acceleration of the electric motor felt at the word go. The many sensors that make auto settings possible delight you and sometimes surprise you like to headlamps, the rain-sensing ...",4.5,headlamp
"Affordable price and nice looks, beautiful smart features most styling and new look multi-drive mode, silent car no noise and vibration in an electric car, projector headlamp, three-color desk board, Rear Ac, auto Ac, Harman infotainment system touch screen, ABS, EBD, CSC these are standard safety features in this car.",5,headlamp
"Am using Nexon EV XZ+ LUX in Chennai for the past one month, basically for the urban commute. Getting a range of 210km for 100%. Normally I recharge it when it comes to 25% for which I used to get a range of 165 to 170kms (for 75%). This is with AC and infotainment. I have used only AC slow charger till now, never used DC fast charger. - Daily trav...",4.5,infotainment
"Affordable price and nice looks, beautiful smart features most styling and new look multi-drive mode, silent car no noise and vibration in an electric car, projector headlamp, three-color desk board, Rear Ac, auto Ac, Harman infotainment system touch screen, ABS, EBD, CSC these are standard safety features in this car.",5,infotainment
"A great car considering the other EV options in the market are much more expensive. Brilliant performance, especially in 'S' mode. A realistic range of 210-240kms and depending on your driving style, you can get more. Features are good and it's actually a very practical car for future-oriented people. Solidly built as the ICE Nexon, yet this one fe...",4.5,rear
"Affordable price and nice looks, beautiful smart features most styling and new look multi-drive mode, silent car no noise and vibration in an electric car, projector headlamp, three-color desk board, Rear Ac, auto Ac, Harman infotainment system touch screen, ABS, EBD, CSC these are standard safety features in this car.",5,rear
"The looks are awesome from the primary colour to the interiors. Seats are too comfortable, lots of space yet little not enough for the whole family. Of course, EV is the best and most sustainable, yet looks so trendy.  Overall awesome. ",4.5,seat
"As a fresh convert to driving a car with a green streak, the most striking thing is that the Nexon EV Lux+ (top end) is noiseless. Second is tremendous power and smooth acceleration of the electric motor felt at the word go. The many sensors that make auto settings possible delight you and sometimes surprise you like to headlamps, the rain-sensing ...",4.5,seat
"I have booked one, yet to be delivered to me at Bhubaneswar. It's early days to have the cons but real pros are 1. Affordable range nearly 220-240 in reality. 2. Effective run cost Rs1/KM. 3. Price is aggressively kept under 15 lakhs, so subsidy from the state and central Gov't. 4. Almost no maintenance and service cost. 5. Ample cabin space and gr...",5,seat
"It's an awesome car with every built-in feature specially the safety ratings are too good may be the first car in is a segment to reach 5 stars and in this EV version, it's going to beat everyone under TATA logo. With this much torque and power in the electric version, it's going to catch eyes of the buyers and also environment-friendly. With a new...",5,seat
"Driving the car for more than a month now. Pros: 1. Silent car, no noise, and vibration. 2. very little maintenance cost. 3.easy to charge. Cons: 1. Company claims a range of 300 but the real-world range is 140 km per charge with AC, and 150 km without AC. 2. Interiors are very average, plastic quality feels cheap and makes a squeaking sound. 3. St...",2.5,steering
"It is a wonderful car to drive. However, I faced some problems which could have been quite dangerous for me and others in the car. The car suddenly switched to neutral while on the move and the steering and brakes, which are power-assisted, stopped to work. Luckily, the car was slow so it came to a halt very soon. Otherwise, could have been a major...",3.5,steering
"It is a very good car with a sunroof on it. Art of car generation in India. I like the space in the car to relax, and it makes no sound. It is a pleasure to have this car",5,sunroof
"As a fresh convert to driving a car with a green streak, the most striking thing is that the Nexon EV Lux+ (top end) is noiseless. Second is tremendous power and smooth acceleration of the electric motor felt at the word go. The many sensors that make auto settings possible delight you and sometimes surprise you like to headlamps, the rain-sensing ...",4.5,sunroof
"I have booked one, yet to be delivered to me at Bhubaneswar. It's early days to have the cons but real pros are 1. Affordable range nearly 220-240 in reality. 2. Effective run cost Rs1/KM. 3. Price is aggressively kept under 15 lakhs, so subsidy from the state and central Gov't. 4. Almost no maintenance and service cost. 5. Ample cabin space and gr...",5,warranty
This new vehicle can change the entire market. Soon all the competitors will fall into it and we will get enhanced versions each year. Nice startup Tata hopes your Nexon will get most EV sales. I think that the battery has some risk for some mishaps. Like a single leakage in battery or any accident can turn into blast hope they have taken care of i...,4,warranty
"Overall good car and the style of the car is attractive. It has great security features, it comes with airbags and the interior is awesome.",4.5,airbags
"A great car considering the other EV options in the market are much more expensive. Brilliant performance, especially in 'S' mode. A realistic range of 210-240kms and depending on your driving style, you can get more. Features are good and it's actually a very practical car for future-oriented people. Solidly built as the ICE Nexon, yet this one fe...",4.5,alloy
"This is the only Electric Vehicle available with reliable latest battery aided technology coupled with safety - both features and builds quality. Added Automatic is a big plus. Looks - 5/5 Pickup/Drag - 5/5 Battery Range - 4/5 Only the slightest flaw I found is the Rotatory knob for shifting driving modes(Eco, City, Sport). Tata should consider thi...",4.5,automatic
"I have booked one, yet to be delivered to me at Bhubaneswar. It's early days to have the cons but real pros are 1. Affordable range nearly 220-240 in reality. 2. Effective run cost Rs1/KM. 3. Price is aggressively kept under 15 lakhs, so subsidy from the state and central Gov't. 4. Almost no maintenance and service cost. 5. Ample cabin space and gr...",5,cabin
"I have booked one, yet to be delivered to me at Bhubaneswar. It's early days to have the cons but real pros are 1. Affordable range nearly 220-240 in reality. 2. Effective run cost Rs1/KM. 3. Price is aggressively kept under 15 lakhs, so subsidy from the state and central Gov't. 4. Almost no maintenance and service cost. 5. Ample cabin space and gr...",5,cabin
Excellent and safest and cheaper car in comparison to other cars of its size. Tata has worked very hard from a couple of years in bringing class. ,4.5,comparison
"The great driving experience, and overall value for money car. Its exterior, looks, interiors, and comfort were also good.",5,exterior
"In Nexon EV sometimes having a gear mode changing issue. It can't turn to drive mode sometimes, it stays in neutral. It is a big issue. The showroom has made it alright, but I think there might be the same issue all along.",2,gear
The car is great . Its legroom and ground clearance is also good.  ,5,legroom
"It is a wonderful car to drive. However, I faced some problems which could have been quite dangerous for me and others in the car. The car suddenly switched to neutral while on the move and the steering and brakes, which are power-assisted, stopped to work. Luckily, the car was slow so it came to a halt very soon. Otherwise, could have been a major...",3.5,lights
"Hindustan ki full safety car, best mileage, full comfortable SUV is smooth for long root drive, music system is best.",5,music
"Hindustan ki full safety car, best mileage, full comfortable SUV is smooth for long root drive, music system is best.",5,music
"It is a wonderful car to drive. However, I faced some problems which could have been quite dangerous for me and others in the car. The car suddenly switched to neutral while on the move and the steering and brakes, which are power-assisted, stopped to work. Luckily, the car was slow so it came to a halt very soon. Otherwise, could have been a major...",3.5,parking
"I have booked one, yet to be delivered to me at Bhubaneswar. It's early days to have the cons but real pros are 1. Affordable range nearly 220-240 in reality. 2. Effective run cost Rs1/KM. 3. Price is aggressively kept under 15 lakhs, so subsidy from the state and central Gov't. 4. Almost no maintenance and service cost. 5. Ample cabin space and gr...",5,parts
"As a fresh convert to driving a car with a green streak, the most striking thing is that the Nexon EV Lux+ (top end) is noiseless. Second is tremendous power and smooth acceleration of the electric motor felt at the word go. The many sensors that make auto settings possible delight you and sometimes surprise you like to headlamps, the rain-sensing ...",4.5,sensors
"Best car for day-to-day work and for long rides. It has a great performance and smooth driving, the good thing is that its running cost is very low and service cost is also low as compared to other brand cars. ",5,service
"I bought Nexon EV last Friday. I used it on Saturday and plug for charging. Battery overheating alarm flashed while charging. Since then my new vehicle is in the service station (122km driven only). Battery discharging very fast. Very disappointed with Nexon EV. Moreover, the dealer has not solved my problem yet. They don't have enough ma...",2.5,service
"I have done my 2nd service of my Nexon EV LUX. I drove 7800 km, 5 months over. I found 3 times there is a sudden drop in battery percentage from 60% to 20% 1st time and 2nd time the battery percentage dropped from 50% to 22%. This is really horrifying if u go for a long drive then you will be in real soups. Sometimes I feel I have done a mistake in...",2,service
"The battery does not charge fully. does not give the range as the company says. The company says the range is 250 km per charge but only goes 160 km per charge. After car service, the battery issue was not resolved at all. And car stops in the middle of the road due to service error only after 2 days of service.",1.5,service
"Wonder car at the best price, pickup amazing, drivability so smooth, service expenses negligible and above zero pollution",5,service
The leader from India grown to be the most globalised product. Very Happy with performance If only the dealership and service centre lives up to the car quality.,4.5,service
"Driving the car for more than a month now. Pros: 1. Silent car, no noise, and vibration. 2. very little maintenance cost. 3.easy to charge. Cons: 1. Company claims a range of 300 but the real-world range is 140 km per charge with AC, and 150 km without AC. 2. Interiors are very average, plastic quality feels cheap and makes a squeaking sound. 3. St...",2.5,service
"[<selenium.webdriver.remote.webelement.WebElement (session=""47aa5d4e2480d340ef5add1391749669"", element=""26da028d-2f18-41b8-9729-519308a4aa81"")>]",4.5,service
"[<selenium.webdriver.remote.webelement.WebElement (session=""47aa5d4e2480d340ef5add1391749669"", element=""fa6e8614-b5d3-4ccb-9bd0-084daf10efa1"")>, <selenium.webdriver.remote.webelement.WebElement (session=""47aa5d4e2480d340ef5add1391749669"", element=""da2f6cc6-0429-4770-ac62-8fbf75ecc2e1"")>]",5,service
"[<selenium.webdriver.remote.webelement.WebElement (session=""47aa5d4e2480d340ef5add1391749669"", element=""6250302e-1399-46d1-ad21-c240afbf86da"")>, <selenium.webdriver.remote.webelement.WebElement (session=""47aa5d4e2480d340ef5add1391749669"", element=""95c00585-b7af-4072-b141-716df513f917"")>]",5,service
"Best car for day-to-day work and for long rides. It has a great performance and smooth driving, the good thing is that its running cost is very low and service cost is also low as compared to other brand cars. ",5,service
"I bought Nexon EV last Friday. I used it on Saturday and plug for charging. Battery overheating alarm flashed while charging. Since then my new vehicle is in the service station (122km driven only). Battery discharging very fast. Very disappointed with Nexon EV. Moreover, the dealer has not solved my problem yet. They don't have enough ma...",2.5,service
"I have done my 2nd service of my Nexon EV LUX. I drove 7800 km, 5 months over. I found 3 times there is a sudden drop in battery percentage from 60% to 20% 1st time and 2nd time the battery percentage dropped from 50% to 22%. This is really horrifying if u go for a long drive then you will be in real soups. Sometimes I feel I have done a mistake in...",2,service
"The battery does not charge fully. does not give the range as the company says. The company says the range is 250 km per charge but only goes 160 km per charge. After car service, the battery issue was not resolved at all. And car stops in the middle of the road due to service error only after 2 days of service.",1.5,service
"Wonder car at the best price, pickup amazing, drivability so smooth, service expenses negligible and above zero pollution",5,service
The leader from India grown to be the most globalised product. Very Happy with performance If only the dealership and service centre lives up to the car quality.,4.5,service
"Driving the car for more than a month now. Pros: 1. Silent car, no noise, and vibration. 2. very little maintenance cost. 3.easy to charge. Cons: 1. Company claims a range of 300 but the real-world range is 140 km per charge with AC, and 150 km without AC. 2. Interiors are very average, plastic quality feels cheap and makes a squeaking sound. 3. St...",2.5,service
"[<selenium.webdriver.remote.webelement.WebElement (session=""f89c3f7044e6f8605df13980faea37fc"", element=""c0680dd7-25b8-400c-a58f-bebc6af2467b"")>]",4.5,service
"[<selenium.webdriver.remote.webelement.WebElement (session=""f89c3f7044e6f8605df13980faea37fc"", element=""0281ddad-9b9f-427d-9b4f-aa1e55979292"")>, <selenium.webdriver.remote.webelement.WebElement (session=""f89c3f7044e6f8605df13980faea37fc"", element=""dcbd5329-b128-4788-9a1a-bb55e42d9e64"")>]",5,service
"[<selenium.webdriver.remote.webelement.WebElement (session=""f89c3f7044e6f8605df13980faea37fc"", element=""e4967619-9468-42bf-8872-6a618cae6181"")>, <selenium.webdriver.remote.webelement.WebElement (session=""f89c3f7044e6f8605df13980faea37fc"", element=""7ea8d72a-df7f-4774-8fc9-d361c680070d"")>]",5,service
"In Nexon EV sometimes having a gear mode changing issue. It can't turn to drive mode sometimes, it stays in neutral. It is a big issue. The showroom has made it alright, but I think there might be the same issue all along.",2,showroom
"As a fresh convert to driving a car with a green streak, the most striking thing is that the Nexon EV Lux+ (top end) is noiseless. Second is tremendous power and smooth acceleration of the electric motor felt at the word go. The many sensors that make auto settings possible delight you and sometimes surprise you like to headlamps, the rain-sensing ...",4.5,vent
"A great car considering the other EV options in the market are much more expensive. Brilliant performance, especially in 'S' mode. A realistic range of 210-240kms and depending on your driving style, you can get more. Features are good and it's actually a very practical car for future-oriented people. Solidly built as the ICE Nexon, yet this one fe...",4.5,wheel
